trade_date,stock_code,stock_name,market,main_grey_capital,main_listed_capital,main_capital,retail_capital,turnover,change_pct,zf
2026-04-08,002195,岩山科技,33,612299041.4370974,178304049.0,790603090.4370974,-790603090.4370974,2700896300.0,22.67,6.171428571428562
2026-04-08,601179,中国西电,17,656621548.6050079,430258359.0,1086879907.605008,-1086879907.605008,3333149209.22,19.7,6.947227788911161
2026-04-08,300017,网宿科技,33,1114386322.4023595,305560500.0,1419946822.4023595,-1419946822.4023595,6286198000.0,17.73,14.766355140186922
2026-04-08,600396,华电辽能,17,347753380.12003845,-4833481.0,342919899.12003845,-342919899.12003845,2068217346.61,16.81,2.1276595744680873
2026-04-08,000592,平潭发展,33,629904202.053307,-66113269.7,563790932.353307,-563790932.353307,3954474300.0,15.93,2.23880597014925
2026-04-08,002400,省广集团,33,294083298.9351487,239395910.0,533479208.9351487,-533479208.9351487,1899793300.0,15.48,10.050251256281406
2026-04-08,600105,永鼎股份,17,766255503.9286101,933387921.0,1700134713.92861,-1700134713.92861,5002986718.18,15.32,9.99668983780204
2026-04-08,601138,工业富联,17,2112864306.4864712,2666885260.0,4779749566.486471,-4779749566.486471,13875060959.24,15.23,7.664511220996579
2026-04-08,300308,中际旭创,33,3741100584.3805113,2092998800.3,5834099384.680511,-5834099384.680511,26479883000.0,14.13,11.074524236114478
2026-04-08,002565,顺灏股份,33,633602804.7630523,227468431.0,861071235.7630523,-861071235.7630523,4570456600.0,13.86,7.303370786516865
2026-04-08,300058,蓝色光标,33,1246435483.1495748,1945121360.2,3191556843.349575,-3191556843.349575,9033534800.0,13.8,20.01471670345842
2026-04-08,300502,新易盛,33,3070806704.429429,1138370699.0,4209177403.429429,-4209177403.429429,22906043000.0,13.41,9.330717244386312
2026-04-08,002342,巨力索具,33,224813501.50147063,424942694.0,649756195.5014706,-649756195.5014706,1756142700.0,12.8,10.015527950310553
2026-04-08,000815,美利云,33,378143986.6526831,16387240.0,394531226.6526831,-394531226.6526831,2972729800.0,12.72,6.558237145855195
2026-04-08,600666,奥瑞德,17,143683808.82552585,498616680.0,642300488.8255259,-642300488.8255259,1137312727.0,12.63,9.983079526226732
2026-04-08,002261,拓维信息,33,580512651.6842499,224857639.8,805370291.4842498,-805370291.4842498,4860069700.0,11.94,7.068914522330672
2026-04-08,603601,再升科技,17,415115757.7772489,-162892883.0,252222874.77724892,-252222874.77724892,3879086040.29,10.7,3.558460421205521
2026-04-08,002639,雪人集团,33,327132878.63430125,-125904481.0,201228397.63430125,-201228397.63430125,3211703500.0,10.19,1.7518248175182454
2026-04-08,002131,利欧股份,33,372917764.131191,1714418856.5,2087336620.631191,-2087336620.631191,3743049700.0,9.96,9.958506224066385
2026-04-08,600410,华胜天成,17,726851763.3161521,722073810.0,1448925573.316152,-1448925573.316152,7325943886.07,9.92,8.828124999999991
2026-04-07,600010,包钢股份,17,1458230333.0265815,459416850.0,1917647183.0265815,-1917647183.0265815,3780326285.89,38.57,4.887218045112777
2026-04-07,600396,华电辽能,17,470648318.561231,-200957.0,470447361.561231,-470447361.561231,1827435318.78,25.75,6.214689265536716
2026-04-07,600759,洲际油气,17,582065949.721982,-107211944.0,474854005.721982,-474854005.721982,2282640341.14,25.5,1.0507880910682943
2026-04-07,605299,舒华体育,17,369414446.49947375,142997745.0,512412191.49947375,-512412191.49947375,1494872458.2,24.71,10.019083969465637
2026-04-07,601016,节能风电,17,492851942.2681068,69555058.0,562407000.2681068,-562407000.2681068,2318171613.29,21.26,6.036745406824147
2026-04-07,000078,海王生物,33,249239419.86964935,28127607.0,277367026.86964935,-277367026.86964935,1186719130.0,21.0,3.351955307262573
2026-04-07,600666,奥瑞德,17,626388102.9256594,-24144885.0,602243217.9256594,-602243217.9256594,3028026428.0,20.69,0.5102040816326573
2026-04-07,603122,合富中国,17,424134465.4375338,31275903.0,455410368.4375338,-455410368.4375338,2077213756.9,20.42,3.823237338629591
2026-04-07,600110,诺德股份,17,599974775.289048,795638970.0,1395613745.289048,-1395613745.289048,3363554724.87,17.84,10.057142857142868
2026-04-07,002506,协鑫集成,33,450754291.1366955,103386648.0,554140939.1366955,-554140939.1366955,2579668500.0,17.47,4.038004750593823
2026-04-07,300308,中际旭创,33,2505233757.2946835,720285830.0,3225519587.2946835,-3225519587.2946835,14668397000.0,17.08,2.1450240717536095
2026-04-07,002263,大东南,33,411302868.55434614,37921098.0,449223966.55434614,-449223966.55434614,2487753700.0,16.53,5.364806866952789
2026-04-07,603222,济民健康,17,168836396.0299234,59764539.0,228600935.0299234,-228600935.0299234,1043848915.47,16.17,7.640878701050609
2026-04-07,002560,通达股份,33,372577143.5936317,66283809.0,438860952.5936317,-438860952.5936317,2447117100.0,15.23,4.992076069730593
2026-04-07,603778,国晟科技,17,453646854.4272969,645771233.0,1099418087.4272969,-1099418087.4272969,2995766951.63,15.14,10.006973500697354
2026-04-07,002471,中超控股,33,334076248.9714071,147276597.0,481352845.9714071,-481352845.9714071,2248007200.0,14.86,3.9192399049881246
2026-04-07,600488,津药药业,17,190515276.31058717,-132201997.0,58313279.31058717,-58313279.31058717,1322689090.55,14.4,10.043041606886659
2026-04-07,002580,圣阳股份,33,237160389.3465011,34412698.0,271573087.3465011,-271573087.3465011,1751259000.0,13.54,4.684450227716335
2026-04-07,000592,平潭发展,33,481751953.1635752,21503198.0,503255151.1635752,-503255151.1635752,3856453500.0,12.49,3.253424657534253
2026-04-07,600410,华胜天成,17,321099029.99216306,68322740.0,389421769.99216306,-389421769.99216306,2808266826.74,11.43,1.789264413518898
2026-04-03,000890,法尔胜,33,293017784.84689593,-57935180.0,235082604.84689593,-235082604.84689593,1577444600.0,18.58,0.6918238993710768
2026-04-03,002428,云南锗业,33,971248609.0404558,685388560.0,1656637169.0404558,-1656637169.0404558,5568815100.0,17.44,8.863157894736844
2026-04-03,600602,云赛智联,17,472269084.2619599,813784824.0,1286053908.26196,-1286053908.26196,2916346375.3,16.19,10.013531799729359
2026-04-03,002082,万邦德,33,327034354.25540423,1110703.6999999993,328145057.9554042,-328145057.9554042,2162371000.0,15.12,-1.4186450492183034
2026-04-03,002038,双鹭药业,33,294153981.2473097,-45866774.6,248287206.6473097,-248287206.6473097,1971105000.0,14.92,5.029239766081868
2026-04-03,002788,鹭燕医药,33,242155526.34115934,-2468862.039999999,239686664.30115935,-239686664.30115935,1662044100.0,14.57,3.6971830985915646
2026-04-03,600339,中油工程,17,269393893.0236846,-28867660.799999997,240526232.2236846,-240526232.2236846,1896704103.72,14.2,5.381165919282516
2026-04-03,000938,紫光股份,33,487472752.1885831,753191905.0,1240664657.1885831,-1240664657.1885831,3665293300.0,13.3,5.86776859504133
2026-04-03,603122,合富中国,17,261104439.68511683,-94561833.0,166542606.68511683,-166542606.68511683,2102689359.34,12.42,7.758159443552699
2026-04-03,002309,中利集团,33,611971433.9260256,-915009770.4000001,-303038336.47397447,303038336.47397447,5035580400.0,12.15,1.0040160642570244
2026-04-03,000720,新能泰山,33,190095737.0433256,-135163840.1,54931896.94332561,-54931896.94332561,1680827400.0,11.31,10.0
2026-04-03,002639,雪人集团,33,282287900.01821816,-29929952.0,252357948.01821816,-252357948.01821816,2728775500.0,10.34,2.9106029106029228
2026-04-03,601869,长飞光纤,17,649317882.1798644,-185891830.0,463426052.1798644,-463426052.1798644,6523095990.99,9.95,6.018226112063518
2026-04-03,600594,益佰制药,17,108760435.18699324,-148794320.0,-40033884.81300676,40033884.81300676,1132785120.55,9.6,-2.083333333333326
2026-04-03,600487,亨通光电,17,893663377.3705,1143750530.5,2037413907.8705,-2037413907.8705,9806984503.67,9.11,8.72822625959917
2026-04-03,600105,永鼎股份,17,474453197.5131017,20319890.299999997,494773087.8131017,-494773087.8131017,5260979671.0,9.02,2.2779795311984197
2026-04-03,002491,通鼎互联,33,194991243.0364343,231142859.0,426134102.0364343,-426134102.0364343,2659368200.0,7.33,4.6666666666666705
2026-04-03,002445,中南文化,33,79387729.91186452,60217157.0,139604886.91186452,-139604886.91186452,1083774550.0,7.33,3.1428571428571392
2026-04-03,600488,津药药业,17,45484544.82280037,11654169.0,57138713.82280037,-57138713.82280037,652492185.32,6.97,9.936908517350156
2026-04-03,300342,天银机电,33,178960662.48408502,-146380950.0,32579712.484085023,-32579712.484085023,3584072500.0,4.99,0.8392857142857123
2026-04-02,600488,津药药业,17,23914438.26314159,58954373.0,82868811.26314159,-82868811.26314159,94334742.98,25.35,10.069444444444446
2026-04-02,000720,新能泰山,33,318566163.9709194,614888854.5,933455018.4709194,-933455018.4709194,1370324200.0,23.25,9.979633401222
2026-04-02,601288,农业银行,17,883268269.1774284,450059390.0,1333327659.1774282,-1333327659.1774282,3860679040.1,22.88,3.4379671150971527
2026-04-02,000890,法尔胜,33,345247839.573068,-71375505.0,273872334.573068,-273872334.573068,1533473500.0,22.51,3.921568627450978
2026-04-02,002263,大东南,33,570889810.0067612,443094359.0,1013984169.0067612,-1013984169.0067612,2576541200.0,22.16,10.000000000000014
2026-04-02,603122,合富中国,17,224068301.04371977,262158879.0,486227180.04371977,-486227180.04371977,1276574778.6,17.55,10.00588581518542
2026-04-02,002038,双鹭药业,33,257407878.23538002,95827380.0,353235258.23538005,-353235258.23538005,1509525200.0,17.05,10.038610038610054
2026-04-02,002082,万邦德,33,436393908.091849,-241556689.0,194837219.09184903,-194837219.09184903,2601988600.0,16.77,4.036144578313242
2026-04-02,601869,长飞光纤,17,1047634689.8169436,271221700.0,1318856389.8169436,-1318856389.8169436,6337712569.67,16.53,7.951298701298704
2026-04-02,002560,通达股份,33,424129962.1808388,226547985.2,650677947.3808389,-650677947.3808389,2709401000.0,15.65,10.025273799494535
2026-04-02,603538,美诺华,17,598694635.1776037,133229060.32,731923695.4976037,-731923695.4976037,3905407480.57,15.33,6.358381502890176
2026-04-02,002413,雷科防务,33,405411272.6777642,352486656.0,757897928.6777642,-757897928.6777642,3021552700.0,13.42,3.743315508021392
2026-04-02,605299,舒华体育,17,182073025.9690955,51777209.0,233850234.9690955,-233850234.9690955,1364229330.87,13.35,6.203703703703703
2026-04-02,600759,洲际油气,17,477895687.2237463,298052313.0,775948000.2237463,-775948000.2237463,3729409408.61,12.81,4.991087344028509
2026-04-02,000070,特发信息,33,466137469.5228095,327553840.0,793691309.5228095,-793691309.5228095,3875170100.0,12.03,4.986449864498654
2026-04-02,603778,国晟科技,17,478532971.57532436,-194362100.0,284170871.57532436,-284170871.57532436,4374626454.54,10.94,6.036363636363636
2026-04-02,002309,中利集团,33,359220549.3047308,1167517471.9,1526738021.204731,-1526738021.204731,3568213700.0,10.07,9.933774834437088
2026-04-02,002471,中超控股,33,377877033.4850619,1243356978.0,1621234011.485062,-1621234011.485062,4335369300.0,8.72,6.122448979591827
2026-04-02,600487,亨通光电,17,665177235.6820774,2263356399.9,891512875.6720774,-891512875.6720774,7954717995.76,8.36,2.7521170130869894
2026-04-02,002788,鹭燕医药,33,136092742.77765447,-50118533.0,85974209.77765447,-85974209.77765447,1643370400.0,8.28,2.035928143712574
